year,month,day,length
2023,01,05,15
2023,10,18,17
2023,10,21,17
2024,02,20,17
2024,02,21,17
2023,10,10,17
2024,01,06,18
2023,12,11,18
2024,04,08,18
2024,01,07,18
2023,10,28,18
2023,10,28,18
2023,10,16,18
2023,11,16,18
2023,10,24,18
2023,10,30,18
2023,10,27,18
2023,11,15,18
2023,10,31,18
2023,11,14,18
2023,11,01,18
2023,10,14,18
2023,11,13,18
2023,11,02,18
2023,12,20,18
2023,10,17,18
2023,12,12,18
2023,12,13,18
2023,12,19,18
2023,12,18,18
2023,12,17,18
2023,10,22,18
2023,12,21,18
2023,10,20,18
2023,12,22,18
2023,12,16,18
2023,10,23,18
2023,12,23,18
2023,12,24,18
2023,10,19,18
2023,12,25,18
2023,12,15,18
2023,10,18,18
2023,11,21,18
2023,10,25,18
2023,11,20,18
2023,10,26,18
2023,12,14,18
2023,12,30,18
2023,11,12,18
2023,10,13,18
2023,12,09,18
2023,10,21,18
2023,11,05,18
2023,11,10,18
2023,12,05,18
2023,11,04,18
2023,11,09,18
2023,11,04,18
2023,12,07,18
2023,11,03,18
2023,12,06,18
2023,11,06,18
2023,11,04,18
2023,12,08,18
2023,10,11,18
2023,11,07,18
2023,11,08,18
2023,10,20,19
2023,11,01,19
2023,10,07,19
2023,10,15,19
2024,03,17,20
2024,04,15,20
2024,04,06,20
2024,02,04,20
2024,03,09,20
2024,03,25,20
2023,04,07,20
2024,03,01,20
2024,02,14,20
2024,02,03,20
2024,02,26,20
2024,01,06,20
2024,02,02,20
2024,02,25,20
2024,02,01,20
2024,03,10,20
2024,01,07,20
2024,01,04,20
2024,03,08,20
2024,02,27,20
2024,02,05,20
2024,03,29,20
2024,04,17,20
2024,03,30,20
2024,03,18,20
2024,04,04,20
2024,03,19,20
2024,03,05,20
2024,03,02,20
2024,03,28,20
2024,03,27,20
2024,02,07,20
2024,04,16,20
2024,04,08,20
2024,02,06,20
2024,03,06,20
2024,03,07,20
2024,03,31,20
2024,03,26,20
2024,03,16,20
2024,02,12,20
2024,02,28,20
2024,01,25,20
2024,02,24,20
2024,01,16,20
2024,01,17,20
2024,03,22,20
2024,01,31,20
2024,03,15,20
2024,01,18,20
2024,02,20,20
2024,01,19,20
2024,01,28,20
2024,01,20,20
2024,01,21,20
2024,04,11,20
2024,01,22,20
2024,03,14,20
2024,01,27,20
2024,02,18,20
2024,01,26,20
2024,03,21,20
2024,01,23,20
2024,02,19,20
2024,01,24,20
2024,01,15,20
2024,01,14,20
2024,04,07,20
2024,01,11,20
2024,02,22,20
2024,01,10,20
2024,02,23,20
2024,03,23,20
2024,01,29,20
2024,01,13,20
2024,01,12,20
2024,03,11,20
2024,03,24,20
2024,03,12,20
2024,01,30,20
2023,12,28,21
2024,03,14,21
2023,11,30,21
2023,11,24,22
2023,11,24,22
2023,11,25,22
2023,11,23,22
2023,11,28,22
2023,12,03,22
2023,12,01,22
2023,12,04,22
2023,11,03,22
2023,05,10,22
2023,11,27,22
2023,11,27,22
2023,11,15,22
2023,10,21,23
2023,12,14,23
2023,12,27,23
2023,11,02,23
2023,10,16,23
2023,11,08,23
2023,11,16,23
2023,10,10,23
2023,10,08,24
2023,12,25,24
2023,10,09,24
2023,11,29,24
2024,02,15,24
2023,11,17,24
2023,11,06,24
2024,04,14,24
2024,04,13,24
2023,12,15,24
2023,10,13,25
2023,10,13,25
2023,12,19,25
2023,10,10,25
2023,11,07,25
2023,05,09,25
2023,11,11,25
2024,04,11,25
2023,10,09,26
2024,04,12,26
2023,11,22,26
2021,11,24,26
2023,11,14,27
2023,10,17,27
2024,01,12,27
2023,11,17,27
2023,02,23,28
2023,05,02,28
2023,11,12,28
2023,10,30,28
2024,02,19,28
2023,11,09,29
2023,10,26,29
2023,10,27,29
2023,10,24,29
2023,11,13,29
2023,11,20,29
2024,01,11,29
2023,11,10,29
2023,10,23,29
2023,12,21,30
2023,10,28,30
2023,11,23,30
2024,04,10,30
2023,10,31,30
2023,05,15,30
2023,10,22,30
2024,03,16,30
2023,12,07,30
2023,10,19,30
2024,02,27,31
2023,11,28,31
2024,03,20,31
2024,04,10,31
2023,12,08,31
2023,12,08,31
2024,03,31,31
2024,03,29,31
2024,03,30,31
2024,04,17,31
2024,04,04,31
2023,11,21,31
2024,03,27,31
2024,04,02,31
2024,03,06,32
2024,04,08,32
2024,03,22,32
2024,03,04,32
2023,11,22,32
2023,06,19,32
2023,06,20,32
2023,05,13,32
2024,02,29,32
2024,04,07,32
2023,05,11,32
2024,04,15,32
2024,02,28,32
2024,04,06,32
2024,04,05,32
2024,04,09,33
2024,03,26,33
2024,03,21,33
2024,02,12,33
2024,03,03,33
2024,02,11,33
2024,03,05,33
2023,10,16,33
2023,12,11,33
2024,03,01,33
2024,03,25,33
2024,03,23,33
2023,07,05,33
2023,12,22,33
2023,04,11,33
2024,01,29,33
2024,03,17,33
2023,07,07,33
2024,04,16,33
2024,03,28,34
2024,04,01,34
2023,11,30,34
2023,11,09,34
2024,01,23,34
2023,12,06,34
2024,03,12,34
2024,04,03,34
2023,04,07,34
2023,12,05,35
2023,11,04,35
2023,12,20,35
2023,11,27,35
2024,03,07,35
2023,07,04,35
2023,10,27,35
2023,07,03,35
2023,10,10,36
2023,12,04,36
2023,10,11,37
2023,12,01,38
2023,11,18,38
2024,04,05,39
2024,01,26,40
2024,01,14,41
2022,05,18,43
2023,10,19,43
2021,06,23,44
2024,01,29,44
2023,10,12,48
2021,06,07,49
2024,04,01,52
2021,05,20,53
2024,02,29,53
2024,02,08,54
2023,11,15,56
2023,11,29,59
2024,03,15,60
2023,10,09,62
2023,10,10,62
2024,04,02,63
2023,12,31,63
2024,02,16,65
2023,10,11,66
2024,03,20,66
2024,03,19,66
2024,02,13,70
2023,11,24,70
2023,12,27,71
2023,12,28,71
2024,01,05,72
2024,01,30,72
2023,12,26,75
2024,02,21,75
2024,04,03,75
2024,03,13,76
2023,12,29,76
2024,01,01,77
2024,01,09,77
2023,12,14,78
2021,09,15,79
2024,03,27,80
2023,10,10,81
2023,12,22,82
2023,11,22,82
2023,12,13,85
2023,11,09,86
2024,03,20,86
2022,10,06,87
2023,10,27,87
2023,12,08,88
2023,12,22,88
2024,03,03,88
2024,01,24,90
2021,05,27,90
2023,10,07,91
2024,03,26,91
2024,01,01,91
2023,11,10,91
2023,11,28,92
2024,01,03,92
2023,11,04,92
2023,10,29,92
2023,11,25,92
2024,01,14,93
2024,02,04,93
2024,03,25,93
2023,10,13,94
2023,12,25,94
2022,08,26,94
2022,05,20,95
2024,02,25,95
2024,04,13,95
2023,12,01,95
2023,11,09,96
2023,11,03,96
2022,08,07,96
2023,10,28,97
2024,02,08,97
2024,04,11,97
2023,10,08,97
2022,06,23,97
2023,12,28,98
2023,11,14,98
2022,05,14,98
2024,01,16,98
2022,12,29,98
2023,12,30,99
2023,11,22,99
2023,10,13,100
2024,04,14,101
2021,06,26,101
2023,10,22,102
2024,01,28,102
2023,10,10,102
2023,01,26,102
2023,12,24,103
2023,05,11,103
2024,02,25,103
2023,12,09,103
2024,02,13,104
2023,12,07,104
2024,02,01,104
2023,11,25,104
2023,10,26,104
2023,12,07,105
2021,05,22,105
2024,02,11,105
2023,10,07,105
2024,02,18,105
2022,05,11,105
2023,12,04,105
2023,10,21,106
2022,05,12,106
2023,11,23,106
2023,10,20,106
2023,12,11,106
2021,05,20,106
2023,11,18,107
2024,01,14,107
2024,03,31,107
2023,12,22,107
2024,03,31,107
2023,10,27,107
2023,12,02,107
2023,10,27,108
2023,12,23,108
2024,03,22,108
2024,04,04,108
2022,01,03,108
2022,12,01,108
2023,11,15,108
2023,10,14,109
2023,10,21,109
2024,02,18,109
2023,11,11,109
2023,11,03,109
2024,03,12,109
2023,11,29,109
2024,01,11,109
2023,12,30,110
2023,12,14,110
2021,06,14,110
2022,05,07,110
2023,09,14,110
2023,10,12,110
2023,12,26,111
2023,10,28,111
2023,11,04,111
2023,05,06,111
2023,11,10,111
2024,04,07,111
2023,03,22,111
2024,01,21,111
2024,01,18,111
2024,03,17,111
2024,03,03,111
2023,10,12,111
2024,03,24,111
2023,12,09,111
2023,12,16,111
2023,12,02,111
2023,12,20,112
2023,12,01,112
2024,03,10,112
2023,10,28,112
2024,01,08,112
2023,11,18,113
2024,03,31,113
2023,06,30,113
2021,05,21,113
2021,06,12,113
2024,01,06,113
2023,11,22,113
2024,03,01,113
2024,02,12,114
2023,11,05,114
2021,05,27,114
2023,10,13,114
2024,04,13,115
2022,09,16,115
2023,06,14,115
2023,11,11,115
2023,05,02,115
2024,04,11,115
2024,02,04,115
2023,10,20,116
2023,11,21,116
2023,05,13,116
2023,12,25,116
2024,03,15,116
2024,03,10,116
2024,01,25,116
2023,12,01,116
2024,01,07,117
2023,10,31,117
2024,02,11,117
2024,01,09,117
2023,12,06,117
2023,10,26,117
2024,04,09,117
2023,11,05,117
2024,04,07,118
2024,03,28,118
2023,11,09,118
2024,04,11,118
2023,11,10,119
2022,05,19,119
2024,02,19,119
2024,02,09,119
2023,07,27,119
2023,12,12,119
2023,10,07,120
2023,11,29,120
2023,12,15,120
2024,03,11,121
2023,12,15,121
2024,01,22,121
2021,05,16,121
2023,11,18,121
2023,12,13,121
2023,10,11,121
2023,10,26,122
2023,01,25,122
2023,11,28,123
2023,10,25,123
2023,12,23,123
2024,04,03,123
2023,10,23,123
2024,01,08,123
2024,03,20,123
2024,02,04,123
2023,11,14,123
2023,10,27,124
2023,11,19,124
2023,11,12,124
2023,11,17,124
2024,04,12,124
2023,12,05,124
2022,12,22,124
2022,11,29,124
2024,03,15,125
2023,10,21,125
2023,12,09,125
2022,05,15,125
2024,01,02,125
2021,05,15,125
2023,12,17,125
2023,10,25,126
2023,02,10,126
2024,02,21,126
2022,04,17,126
2023,02,22,126
2024,02,07,127
2023,11,08,127
2023,11,29,127
2023,11,22,127
2022,03,30,128
2024,02,22,128
2023,11,16,128
2024,01,11,129
2023,10,31,129
2023,10,31,129
2023,11,17,129
2023,12,05,130
2024,01,25,130
2023,12,04,130
2023,11,15,130
2022,10,09,130
2023,10,23,130
2023,10,24,131
2023,11,22,131
2023,02,13,131
2023,10,15,131
2023,11,09,131
2024,04,10,131
2024,02,19,132
2024,02,22,132
2023,11,07,132
2022,08,06,133
2023,10,14,133
2023,11,05,133
2024,03,19,133
2022,10,26,133
2022,01,19,133
2024,02,14,133
2024,03,16,134
2023,11,30,134
2024,01,19,134
2024,03,27,134
2024,01,11,134
2024,01,05,135
2023,11,20,135
2024,03,21,135
2024,02,15,136
2022,06,13,136
2024,03,08,136
2024,02,02,136
2024,02,16,136
2023,01,01,136
2023,10,21,137
2024,02,09,137
2024,01,26,137
2022,09,06,137
2023,10,27,137
2024,03,13,137
2023,12,15,137
2023,12,15,137
2024,03,01,138
2021,11,24,138
2022,05,12,138
2022,06,17,138
2024,01,04,138
2024,04,15,138
2024,01,12,138
2023,10,30,138
2024,01,02,139
2023,04,03,139
2023,11,22,139
2024,03,31,140
2024,02,02,140
2023,11,24,140
2023,12,29,140
2023,11,08,140
2022,05,30,140
2024,01,27,140
2023,11,02,140
2023,12,03,140
2024,02,28,140
2021,05,16,141
2022,05,13,141
2023,11,16,141
2023,07,13,141
2023,10,22,142
2023,11,14,142
2024,04,05,142
2024,01,06,142
2023,11,28,143
2024,01,29,144
2023,11,26,144
2023,11,26,144
2024,04,18,145
2024,02,11,145
2021,05,22,145
2024,03,07,145
2021,08,22,145
2023,11,07,146
2023,11,20,146
2023,11,17,146
2023,12,21,146
2017,06,02,146
2021,05,14,146
2024,04,10,146
2021,05,22,147
2024,02,12,147
2023,11,11,147
2024,03,01,147
2024,04,09,147
2024,04,18,148
2022,08,07,148
2023,12,14,148
2023,01,12,148
2024,03,23,148
2023,10,24,148
2023,10,31,148
2024,03,27,149
2021,05,16,149
2022,12,26,149
2024,01,20,149
2023,11,03,149
2023,10,28,150
2022,05,13,151
2023,01,03,151
2024,01,14,151
2024,03,25,151
2023,07,28,151
2023,11,06,151
2024,01,04,151
2023,10,13,152
2023,10,29,152
2021,05,26,152
2023,12,25,152
2024,01,03,152
2024,03,20,152
2023,10,12,153
2023,10,31,153
2023,11,23,153
2023,05,15,153
2021,05,29,154
2024,01,10,154
2023,11,04,154
2022,08,06,155
2023,07,19,155
2024,01,31,155
2023,10,18,155
2023,10,19,155
2024,01,15,156
2024,02,25,156
2024,01,29,156
2024,02,08,156
2023,10,20,157
2023,12,16,157
2024,02,21,158
2021,05,10,159
2024,02,13,159
2023,10,13,160
2024,01,28,160
2021,05,23,160
2023,10,10,160
2023,08,09,161
2023,05,11,162
2023,12,08,162
2023,06,23,163
2023,11,22,163
2024,02,27,163
2024,01,28,163
2023,11,27,163
2023,07,08,164
2023,10,16,164
2023,12,14,164
2022,08,07,164
2023,12,16,165
2022,05,16,165
2021,05,17,166
2023,02,22,166
2023,11,11,166
2024,04,02,166
2024,01,02,166
2023,10,02,166
2024,04,09,167
2023,11,14,167
2023,10,19,168
2024,02,15,168
2023,11,15,168
2024,03,02,169
2024,03,21,169
2023,10,19,170
2022,08,11,170
2023,10,17,170
2023,12,06,171
2024,02,16,171
2023,10,30,171
2024,01,10,172
2023,11,16,172
2024,02,18,172
2023,10,15,172
2021,06,22,173
2023,11,11,173
2024,02,16,173
2023,03,23,173
2024,01,20,174
2023,10,28,174
2024,02,22,174
2021,05,15,174
2024,03,03,174
2023,11,25,175
2023,11,20,175
2023,12,01,176
2023,10,22,176
2023,10,24,176
2023,07,06,176
2023,02,03,176
2023,12,11,177
2023,11,07,177
2022,02,02,177
2023,10,07,178
2023,11,18,178
2023,11,11,178
2023,10,11,178
2023,09,06,178
2024,01,11,178
2023,02,02,178
2023,11,24,179
2023,10,09,179
2024,04,12,179
2023,12,15,179
2023,12,01,179
2023,11,30,179
2021,05,12,180
2022,04,22,180
2023,12,02,180
2023,10,16,181
2023,11,22,181
2023,12,04,182
2023,05,13,182
2023,10,12,182
2023,12,05,183
2023,10,23,183
2024,01,06,183
2021,05,18,184
2023,10,28,184
2023,11,26,184
2023,12,18,184
2023,10,08,186
2023,11,07,187
2023,07,03,187
2023,03,04,187
2023,10,08,187
2023,10,28,188
2024,02,16,189
2022,04,15,189
2023,10,18,189
2023,11,15,190
2021,05,13,190
2024,01,05,190
2021,05,19,191
2023,01,26,191
2023,11,24,192
2023,11,08,192
2022,04,07,192
2021,05,18,192
2024,04,01,193
2021,07,14,193
2023,10,25,193
2021,05,17,194
2023,12,17,194
2023,11,06,194
2023,11,03,195
2023,12,07,195
2023,12,10,195
2023,12,16,195
2023,12,02,196
2022,12,21,196
2021,06,02,198
2022,05,29,198
2023,11,10,198
2021,08,26,200
2023,10,17,200
2023,11,25,200
2023,12,03,201
2023,06,19,202
2023,11,02,202
2024,02,23,202
2022,04,29,202
2023,11,10,203
2021,05,11,203
2023,10,25,204
2023,06,09,204
2022,08,08,205
2023,11,29,206
2022,05,16,206
2023,11,18,207
2023,12,02,207
2023,10,09,207
2023,04,03,208
2024,04,14,211
2024,01,26,212
2023,12,09,212
2023,12,30,213
2023,07,11,213
2021,05,17,214
2023,10,19,214
2023,11,23,215
2023,11,22,215
2022,11,02,215
2024,04,02,215
2023,11,01,216
2023,11,07,217
2024,02,10,217
2023,12,25,219
2022,09,08,220
2023,11,30,220
2022,09,05,220
2022,08,18,222
2022,12,10,223
2022,05,12,223
2023,11,06,223
2024,01,03,223
2023,12,18,224
2023,06,20,224
2023,11,25,226
2021,05,25,226
2023,11,07,227
2023,11,04,227
2023,11,24,228
2022,05,11,228
2021,05,21,229
2022,05,13,229
2023,10,13,231
2023,11,10,231
2023,12,01,231
2023,10,13,233
2021,09,19,233
2023,12,04,234
2024,04,05,234
2022,08,19,234
2024,01,06,235
2023,11,10,236
2022,01,19,237
2022,05,21,237
2023,12,22,238
2023,09,05,238
2023,12,05,238
2023,12,28,238
2023,10,07,239
2022,06,25,239
2023,12,02,240
2023,12,14,241
2024,01,24,241
2023,11,11,241
2023,10,17,242
2023,11,17,242
2023,11,23,243
2023,12,15,245
2023,10,16,245
2023,12,13,245
2024,01,19,247
2023,11,20,250
2023,11,27,250
2022,08,17,251
2023,11,13,251
2023,10,29,251
2023,07,05,251
2023,10,12,254
2023,02,04,258
2024,04,01,259
2021,09,24,260
2024,04,15,260
2023,12,08,260
2023,11,25,260
2024,03,29,261
2023,12,01,261
2024,02,12,262
2021,11,05,262
2024,01,27,266
2022,09,05,266
2023,10,08,266
2023,08,28,266
2023,03,22,267
2023,10,07,268
2023,12,26,268
2022,08,12,269
2022,06,09,271
2023,11,04,272
2022,05,26,272
2023,11,13,272
2023,01,26,272
2023,11,13,273
2023,10,17,273
2022,05,27,273
2023,07,02,274
2024,01,18,274
2023,04,07,275
2024,02,09,275
2023,12,11,275
2023,12,12,276
2023,11,15,276
2023,10,31,277
2023,10,16,277
2024,02,23,278
2023,11,29,279
2023,11,27,280
2022,05,08,280
2023,12,07,280
2021,06,05,280
2023,08,15,281
2023,12,11,282
2023,08,30,283
2023,12,16,283
2023,10,13,283
2023,10,31,284
2024,03,09,287
2023,10,18,287
2023,07,14,287
2022,04,26,287
2023,12,05,287
2024,04,16,288
2023,11,21,288
2023,07,04,289
2023,10,14,289
2024,01,22,289
2023,10,21,290
2022,05,13,290
2023,12,18,290
2023,11,01,290
2024,03,26,290
2021,05,28,291
2023,04,11,292
2023,10,25,292
2024,01,04,293
2024,02,13,293
2023,09,21,293
2023,07,01,293
2023,12,11,293
2023,11,16,294
2023,11,06,295
2023,10,12,295
2023,02,27,296
2024,02,26,296
2023,12,19,296
2023,12,08,298
2023,10,27,298
2023,10,29,299
2023,11,12,300
2023,10,19,301
2023,12,12,302
2022,02,25,303
2023,04,24,303
2022,09,02,303
2023,06,02,306
2023,11,03,306
2021,10,08,306
2023,10,22,307
2023,10,09,307
2021,08,16,307
2024,03,29,307
2024,04,15,307
2023,11,29,307
2023,11,08,308
2023,11,06,308
2023,12,09,308
2023,10,18,309
2023,11,26,310
2024,02,19,310
2021,09,02,312
2023,11,03,312
2023,04,28,312
2021,05,11,313
2023,11,07,313
2023,11,29,315
2023,11,10,315
2023,12,04,316
2022,07,06,317
2024,03,13,318
2021,07,13,319
2022,03,06,319
2024,04,07,320
2023,08,10,320
2023,10,17,320
2021,07,23,321
2023,12,06,321
2023,12,14,321
2024,02,02,321
2023,10,12,321
2023,11,16,321
2023,10,24,321
2021,06,29,322
2023,10,09,322
2024,02,18,324
2023,12,21,325
2023,10,10,326
2023,03,18,327
2024,01,04,327
2024,04,02,327
2023,10,31,328
2022,10,13,328
2023,10,23,328
2023,11,03,328
2023,01,21,329
2023,12,31,329
2023,12,14,330
2023,10,11,330
2023,10,27,331
2021,05,19,332
2023,10,21,332
2023,12,31,332
2023,11,16,332
2023,07,20,332
2023,05,30,333
2023,12,08,334
2024,01,22,334
2021,12,05,335
2023,02,28,335
2023,11,21,335
2023,12,25,336
2023,06,22,336
2022,05,22,336
2024,02,28,336
2024,02,26,337
2022,09,01,337
2023,04,05,337
2023,05,03,337
2023,11,04,338
2023,01,06,338
2021,05,20,339
2023,10,22,341
2022,08,06,341
2023,12,09,341
2023,03,21,341
2023,06,14,341
2023,07,16,342
2023,07,06,342
2023,12,15,343
2023,10,13,343
2024,02,22,344
2023,10,17,344
2024,01,03,346
2023,11,19,347
2022,08,19,348
2023,09,17,349
2023,10,25,349
2022,05,12,350
2023,10,09,350
2024,01,15,350
2023,10,27,351
2023,09,22,352
2022,12,26,352
2023,12,15,352
2022,03,08,353
2024,01,20,353
2023,07,08,353
2023,12,01,353
2021,05,14,354
2021,12,04,354
2023,10,09,354
2021,05,24,355
2024,02,18,355
2023,11,12,355
2023,11,05,356
2024,02,03,356
2023,11,27,356
2023,12,16,356
2023,02,04,356
2023,11,06,357
2024,04,04,357
2022,05,05,358
2023,07,08,358
2023,12,03,358
2022,07,03,358
2023,11,18,358
2024,01,21,359
2023,10,25,359
2022,12,04,359
2021,10,13,359
2023,06,09,359
2022,07,03,360
2021,05,30,360
2023,11,08,360
2023,01,19,360
2023,10,22,360
2023,10,16,360
2023,07,26,360
2023,10,19,360
2024,01,02,361
2023,12,11,361
2023,10,22,361
2024,01,13,361
2024,03,22,361
2021,07,24,361
2023,11,17,361
2021,05,17,362
2021,11,25,363
2022,09,22,363
2024,02,28,363
2021,05,05,363
2023,10,18,363
2021,07,08,363
2024,03,12,363
2024,02,19,363
2023,09,30,364
2023,12,24,364
2021,08,01,364
2023,10,12,365
2022,04,22,365
2023,05,10,365
2022,12,30,366
2022,05,22,366
2021,05,15,367
2021,11,17,367
2023,02,24,367
2023,08,31,367
2023,12,04,367
2023,10,17,367
2023,11,23,367
2022,12,17,368
2021,09,23,368
2024,03,30,368
2023,10,22,368
2023,12,15,368
2023,06,24,368
2024,04,08,368
2023,12,10,369
2024,01,16,370
2023,06,22,370
2022,10,03,370
2022,10,07,370
2023,11,02,370
2023,11,29,371
2023,12,05,371
2022,09,24,372
2023,05,07,373
2021,07,02,373
2021,11,16,373
2023,12,27,373
2023,10,18,373
2023,05,25,374
2023,10,17,374
2022,11,05,374
2023,05,04,374
2023,10,09,374
2023,10,13,375
2023,11,03,375
2023,03,29,375
2023,10,09,376
2022,09,05,376
2022,01,10,376
2023,12,17,376
2024,03,28,376
2024,02,07,377
2021,07,03,377
2024,03,27,378
2021,08,30,378
2023,10,27,378
2024,02,18,379
2023,10,09,379
2023,10,12,379
2023,11,06,379
2022,10,10,379
2023,11,08,380
2023,11,13,380
2022,06,17,381
2023,10,30,381
2023,11,29,382
2021,05,16,382
2023,11,10,382
2023,07,26,382
2023,10,31,382
2024,03,24,382
2024,03,04,383
2023,11,10,383
2023,12,07,384
2023,11,10,384
2024,04,17,384
2023,10,16,385
2023,11,06,385
2022,06,09,385
2023,10,27,386
2024,02,27,386
2022,05,07,387
2023,12,31,387
2023,11,03,387
2023,11,12,387
2023,10,11,387
2023,12,08,387
2023,11,21,388
2021,08,25,388
2021,11,01,388
2023,11,14,389
2021,05,25,389
2022,10,09,389
2023,10,31,389
2024,02,27,389
2023,11,21,390
2023,09,08,390
2024,04,15,390
2023,01,04,390
2023,10,30,390
2023,12,25,390
2023,11,01,390
2021,05,19,390
2023,10,29,390
2024,04,05,390
2021,11,21,391
2023,10,11,391
2023,11,27,391
2023,10,20,391
2023,02,13,392
2024,04,08,392
2023,11,05,392
2023,10,12,392
2023,07,10,394
2023,10,20,395
2023,11,14,395
2021,10,03,395
2023,05,29,396
2022,09,20,396
2023,10,31,397
2021,08,24,397
2023,04,24,397
2023,11,08,398
2023,06,13,398
2021,05,24,399
2023,11,05,399
2021,08,26,399
2024,01,28,399
2023,10,24,399
2022,12,27,400
2023,10,26,401
2024,01,18,401
2022,09,05,402
2022,02,15,402
2022,07,16,402
2023,10,25,403
2023,10,23,403
2023,11,03,404
2023,11,12,404
2024,03,15,404
2023,10,30,404
2023,09,29,405
2023,11,23,405
2022,08,16,405
2024,03,17,405
2024,03,05,405
2023,07,07,406
2024,02,06,406
2023,10,12,407
2023,12,27,407
2022,09,04,407
2021,08,06,407
2023,10,22,407
2023,11,26,407
2023,10,27,407
2023,10,19,408
2021,07,11,408
2023,11,07,408
2022,08,07,408
2023,10,19,409
2023,10,21,409
2022,12,05,410
2023,10,20,410
2024,01,15,411
2021,05,17,411
2023,03,10,412
2023,10,10,413
2024,03,10,413
2023,11,04,414
2023,12,17,414
2023,10,21,414
2023,10,16,414
2024,02,24,414
2023,10,17,415
2023,10,19,415
2024,03,31,415
2023,11,02,415
2023,10,14,416
2023,12,01,416
2024,02,27,416
2021,05,24,417
2021,05,18,417
2023,10,12,417
2023,12,28,418
2024,03,11,418
2023,01,16,418
2021,06,10,418
2023,10,07,418
2023,12,21,418
2023,04,18,418
2024,02,14,419
2022,06,06,419
2024,01,19,420
2024,03,01,420
2023,01,14,421
2023,11,10,421
2022,08,18,421
2024,01,05,421
2023,08,12,422
2022,12,23,422
2023,10,16,422
2023,10,31,423
2024,01,21,423
2021,12,06,423
2023,10,30,424
2024,03,20,424
2023,11,25,424
2021,05,17,425
2023,03,28,425
2023,06,23,425
2023,01,29,426
2023,01,11,426
2023,12,05,426
2023,09,27,426
2024,04,15,426
2023,08,11,427
2022,03,22,427
2023,12,20,427
2023,11,26,428
2023,01,28,428
2023,11,20,429
2022,01,13,429
2024,02,12,429
2023,07,10,430
2022,08,15,430
2024,02,19,430
2024,01,23,430
2021,05,22,430
2024,01,27,430
2023,04,05,431
2024,02,28,431
2024,03,05,431
2023,10,11,431
2023,12,24,432
2023,01,25,432
2023,11,01,432
2021,05,19,433
2023,01,05,433
2023,12,11,434
2023,06,25,434
2023,10,24,434
2023,09,24,434
2021,06,15,434
2021,05,20,434
2023,12,09,434
2023,11,20,435
2023,10,25,435
2022,06,29,435
2023,11,11,436
2023,04,01,436
2023,08,28,436
2023,10,27,436
2022,11,29,436
2021,07,19,437
2022,09,14,437
2023,10,17,437
2023,11,02,437
2023,11,22,437
2023,03,12,438
2023,08,01,438
2023,12,07,438
2022,11,07,439
2023,10,18,439
2021,06,07,439
2023,03,16,439
2021,09,13,439
2023,11,06,440
2023,10,26,440
2023,07,07,441
2024,02,21,442
2023,10,14,442
2023,12,08,442
2023,11,27,442
2023,11,21,442
2023,06,08,442
2023,10,20,443
2021,05,18,443
2023,05,11,443
2023,10,08,444
2022,04,14,444
2023,11,05,444
2021,07,04,444
2024,04,06,444
2023,12,21,444
2023,11,20,444
2024,01,17,445
2023,10,17,445
2023,12,07,445
2023,12,02,445
2021,09,01,445
2023,11,11,446
2023,11,06,446
2024,01,15,446
2024,01,09,446
2022,06,14,446
2023,07,25,446
2024,03,04,448
2021,05,18,448
2021,05,19,448
2022,06,21,448
2023,11,07,448
2023,02,20,448
2023,12,16,448
2024,03,26,448
2021,07,22,448
2023,01,15,449
2023,10,10,449
2021,08,23,449
2021,06,02,449
2024,04,05,449
2022,11,09,449
2024,01,09,450
2022,11,04,450
2023,10,11,450
2021,08,29,451
2021,05,16,451
2024,01,11,451
2023,11,03,451
2022,09,06,451
2023,11,02,451
2024,04,04,451
2021,07,07,451
2021,09,30,452
2023,12,25,452
2024,01,22,452
2023,10,29,452
2022,08,18,452
2022,12,28,452
2023,10,30,453
2024,01,16,453
2023,08,30,453
2023,07,20,453
2021,06,11,453
2023,12,07,453
2021,07,09,453
2021,06,17,453
2023,10,17,454
2022,05,02,454
2023,10,30,454
2024,03,19,454
2022,10,17,454
2023,11,02,454
2023,11,06,454
2022,05,21,454
2023,12,17,454
2022,10,20,455
2023,03,09,455
2024,03,06,456
2023,11,23,457
2022,10,12,457
2022,09,25,457
2023,11,04,457
2024,02,20,458
2023,12,20,458
2023,10,16,458
2023,12,10,458
2023,12,06,458
2021,08,28,458
2022,04,12,458
2023,10,13,458
2022,07,08,459
2024,04,05,459
2022,07,29,459
2023,05,06,459
2024,03,31,459
2023,11,06,459
2023,02,03,460
2024,02,08,460
2021,11,02,460
2023,09,08,460
2023,10,12,460
2022,06,18,461
2023,10,12,461
2023,07,26,461
2023,10,28,461
2023,11,19,461
2024,04,12,462
2023,11,01,462
2023,08,08,462
2023,10,31,462
2023,11,08,463
2023,11,25,463
2023,11,27,463
2023,10,22,464
2023,09,20,464
2023,05,22,464
2021,10,26,465
2023,10,24,465
2023,02,13,465
2023,12,10,465
2023,10,27,465
2024,01,19,466
2021,05,16,466
2023,10,29,466
2023,01,08,466
2021,09,25,466
2024,03,27,467
2024,04,05,467
2023,11,30,467
2021,05,24,468
2023,10,25,468
2023,05,10,468
2024,04,04,469
2023,01,30,469
2023,12,15,470
2022,08,23,470
2023,11,06,470
2022,04,17,471
2024,01,27,471
2023,10,10,471
2022,09,04,472
2023,01,29,472
2024,03,06,472
2024,02,19,472
2023,10,27,473
2022,01,17,473
2022,05,18,473
2022,04,09,473
2023,06,21,473
2023,11,03,473
2022,05,25,473
2024,02,13,473
2021,08,02,474
2024,01,18,474
2023,11,28,474
2022,10,05,474
2023,11,16,474
2023,10,13,474
2024,02,18,474
2022,05,26,474
2023,05,09,475
2024,01,24,475
2023,10,11,475
2024,02,20,475
2024,01,31,475
2023,11,30,475
2024,02,27,475
2023,10,13,475
2022,04,27,476
2024,01,25,476
2023,01,05,476
2023,11,07,477
2021,06,17,477
2022,05,06,477
2022,05,22,477
2023,04,03,477
2022,12,12,477
2024,04,17,477
2021,07,29,477
2023,12,21,478
2023,11,08,478
2022,09,01,478
2023,10,30,479
2023,10,25,479
2023,10,30,480
2023,10,22,480
2023,10,30,481
2024,04,02,481
2024,04,08,481
2023,06,15,481
2023,11,01,481
2022,02,10,482
2022,04,21,482
2024,01,03,482
2023,12,10,482
2023,12,09,482
2023,09,14,482
2023,02,02,483
2021,08,13,483
2023,12,06,484
2021,05,17,484
2022,12,01,484
2023,10,20,484
2023,05,13,484
2023,11,02,484
2022,08,15,484
2023,01,09,485
2021,09,26,485
2021,06,02,485
2024,04,14,485
2023,06,28,486
2024,03,21,486
2022,07,27,486
2021,07,08,486
2023,04,11,487
2023,03,21,487
2022,06,01,487
2022,07,13,487
2021,05,17,488
2023,11,15,488
2023,11,11,489
2024,01,10,489
2023,12,03,489
2024,04,09,490
2023,11,03,490
2022,05,26,491
2024,01,22,491
2023,12,15,492
2023,12,08,493
2023,11,19,493
2023,04,17,493
2023,03,03,493
2023,10,25,494
2024,01,21,494
2023,10,28,494
2023,11,16,495
2024,04,05,495
2022,11,03,495
2023,10,14,495
2023,12,05,496
2023,11,15,496
2024,01,08,496
2024,04,10,496
2023,10,27,496
2023,11,22,496
2023,10,27,497
2023,04,27,498
2024,01,25,498
2024,04,07,498
2023,11,25,498
2024,03,18,498
2023,11,15,498
2023,10,17,498
2024,01,26,498
2022,08,09,498
2024,03,01,498
2024,03,31,499
2021,06,08,500
2023,11,16,500
2024,01,16,500
2024,04,05,500
2021,06,16,501
2024,04,13,501
2024,04,01,501
2024,01,03,501
2023,06,21,501
2023,12,26,501
2023,11,01,501
2023,11,03,501
2024,02,13,502
2023,07,11,502
2023,10,22,502
2023,11,18,503
2024,01,08,503
2024,04,05,503
2022,05,24,503
2023,11,19,503
2023,11,18,503
2023,12,28,503
2024,03,19,504
2024,04,10,504
2023,10,30,505
2023,10,25,505
2023,10,23,505
2023,12,30,505
2021,10,12,505
2024,02,22,505
2023,08,05,505
2023,10,10,505
2024,04,08,506
2022,02,18,507
2023,11,25,507
2024,01,05,508
2023,11,14,508
2023,08,25,508
2023,04,02,509
2023,01,24,509
2023,12,21,509
2024,03,03,509
2023,11,04,509
2023,11,07,510
2023,10,30,510
2023,11,24,511
2022,04,29,511
2023,11,25,511
2023,08,26,511
2023,10,09,511
2022,09,28,512
2021,06,24,512
2023,11,27,512
2021,07,25,512
2023,11,14,513
2021,05,22,513
2023,12,21,513
2024,01,10,513
2023,11,02,514
2024,02,01,514
2024,01,16,514
2023,11,01,514
2021,06,22,515
2023,12,23,515
2022,04,24,515
2022,08,16,515
2023,08,18,515
2023,10,23,516
2023,11,16,516
2023,10,07,516
2024,04,12,516
2024,04,01,517
2022,05,26,517
2024,03,10,517
2023,12,05,517
2022,08,08,517
2023,10,26,517
2023,11,27,518
2024,01,03,518
2022,07,11,518
2023,12,24,519
2023,12,26,519
2023,10,08,519
2022,08,22,519
2024,02,01,519
2021,05,19,519
2023,11,06,519
2023,12,23,520
2024,02,23,520
2024,02,10,520
2023,01,06,521
2021,06,15,521
2022,04,01,521
2023,12,16,522
2023,05,10,522
2023,12,12,522
2023,05,08,522
2024,04,04,522
2023,12,11,523
2023,11,15,523
2024,03,15,523
2023,11,22,523
2024,02,09,523
2023,11,02,523
2024,03,22,523
2021,05,25,524
2023,11,24,524
2023,11,15,524
2023,09,22,524
2022,08,08,524
2023,10,11,524
2023,12,18,525
2023,10,14,525
2022,03,29,526
2023,11,01,526
2023,09,15,526
2024,02,17,526
2024,03,16,527
2024,01,19,527
2023,11,17,527
2023,11,18,527
2023,12,20,527
2023,12,28,527
2023,03,02,528
2021,05,20,528
2023,03,09,528
2023,10,15,528
2023,02,10,528
2023,10,08,528
2022,11,10,529
2024,03,14,529
2024,02,15,529
2024,03,26,529
2021,05,20,529
2022,05,23,529
2023,10,15,530
2024,02,06,530
2023,12,25,530
2023,11,21,531
2023,12,15,531
2022,03,31,531
2023,12,26,531
2023,12,01,531
2022,11,15,532
2023,12,21,532
2023,10,24,532
2022,04,17,532
2024,02,12,533
2023,06,15,533
2022,03,25,533
2021,05,16,533
2023,12,31,533
2024,01,18,533
2022,05,06,533
2023,10,23,533
2023,11,01,533
2023,11,20,534
2023,04,12,534
2023,10,27,534
2023,10,20,534
2022,08,14,534
2024,02,10,534
2024,02,10,534
2023,09,10,535
2023,09,25,535
2024,03,23,535
2024,04,12,536
2024,04,06,536
2023,11,10,536
2023,10,16,536
2024,03,25,536
2024,02,19,536
2023,07,04,536
2023,11,16,536
2021,06,30,537
2023,10,29,537
2024,04,02,537
2021,05,22,537
2023,11,06,537
2024,01,19,538
2023,11,23,538
2023,12,28,538
2024,04,18,538
2022,05,11,538
2023,11,22,538
2023,12,06,539
2022,06,07,539
2024,01,04,539
2024,01,11,539
2024,01,03,539
2024,02,18,539
2022,08,07,539
2021,05,16,539
2024,01,14,540
2024,04,01,540
2021,09,15,540
2023,05,21,540
2022,05,20,540
2023,12,06,540
2022,04,18,540
2024,03,30,541
2023,12,14,541
2021,10,07,541
2022,05,02,541
2024,01,16,542
2022,08,22,542
2023,10,16,542
2023,11,19,543
2023,11,17,543
2023,10,09,543
2024,02,21,543
2023,12,16,543
2021,12,17,544
2023,11,25,544
2021,07,12,544
2021,05,17,545
2022,10,09,545
2024,01,29,546
2023,12,05,546
2024,04,15,546
2023,09,21,546
2022,10,06,546
2021,05,21,547
2023,07,31,547
2023,12,16,547
2023,11,13,548
2023,11,07,548
2023,12,27,549
2022,09,06,549
2022,12,22,549
2023,11,10,550
2023,11,28,550
2023,11,15,551
2021,10,14,552
2023,12,27,552
2024,01,22,552
2024,02,22,552
2024,03,03,552
2021,11,11,552
2024,03,04,553
2023,12,08,554
2023,12,01,554
2023,07,22,554
2023,11,02,554
2023,10,12,554
2023,11,08,554
2024,03,03,555
2021,05,22,555
2023,08,11,555
2023,07,06,555
2023,08,30,556
2023,10,06,556
2022,04,13,556
2024,02,13,557
2023,09,07,557
2023,08,31,557
2023,11,16,557
2024,02,26,557
2023,10,25,557
2023,04,07,557
2023,10,11,557
2024,01,03,557
2024,02,22,558
2021,05,16,558
2024,04,16,558
2023,11,09,558
2023,05,02,559
2022,06,23,559
2023,12,22,559
2024,01,13,559
2023,03,01,559
2023,10,30,559
2024,01,18,560
2023,10,13,560
2023,01,06,560
2023,12,12,560
2021,05,30,560
2023,09,01,561
2022,09,05,561
2021,06,23,561
2022,03,15,561
2023,02,14,561
2023,11,15,561
2023,10,17,561
2024,03,02,562
2023,01,04,562
2023,06,20,562
2023,10,10,562
2023,03,19,563
2023,02,04,563
2023,10,23,563
2021,07,20,563
2023,11,26,564
2023,10,31,564
2024,01,11,564
2021,08,03,565
2021,05,26,565
2021,05,18,565
2024,02,11,565
2023,04,14,565
2023,11,29,565
2023,11,25,565
2024,01,24,565
2023,11,09,566
2023,10,16,566
2023,11,14,566
2023,10,24,567
2023,07,08,567
2023,10,12,567
2024,04,10,567
2023,01,24,567
2023,10,29,568
2023,10,26,568
2023,11,06,568
2023,11,08,569
2024,02,18,570
2022,10,26,570
2024,04,15,570
2022,11,10,571
2023,11,25,571
2024,04,08,571
2023,11,24,573
2023,11,18,573
2021,07,28,573
2024,01,22,573
2021,05,25,573
2022,12,06,573
2023,12,05,573
2023,10,20,574
2024,02,29,574
2023,03,26,574
2024,03,22,574
2023,12,24,574
2023,10,27,574
2024,02,16,575
2023,03,03,575
2024,03,20,576
2021,06,22,576
2023,10,23,576
2024,04,14,577
2023,11,16,577
2022,05,18,577
2023,10,21,577
2023,05,27,578
2023,02,14,578
2024,04,16,578
2023,10,14,578
2024,01,17,578
2024,03,11,579
2022,12,02,579
2023,05,08,579
2022,12,19,579
2021,11,20,579
2022,08,31,579
2024,01,23,580
2023,01,03,580
2022,05,27,580
2023,11,28,580
2024,01,01,580
2021,11,14,580
2023,10,19,580
2022,08,02,581
2023,10,24,581
2024,03,01,581
2024,01,15,582
2022,11,05,582
2023,10,27,582
2023,11,22,583
2023,12,27,583
2024,03,31,584
2023,11,25,584
2024,01,01,585
2022,09,25,585
2023,10,13,585
2023,10,19,585
2021,05,16,585
2024,02,14,585
2023,11,19,585
2023,10,11,586
2024,04,07,586
2022,10,11,586
2023,01,29,587
2023,10,20,587
2022,04,14,588
2023,12,24,588
2024,02,24,589
2022,05,19,589
2022,06,08,589
2024,02,22,590
2023,10,11,590
2023,11,18,590
2023,07,03,590
2023,10,19,590
2024,02,19,590
2023,12,14,590
2021,10,25,590
2022,07,13,591
2023,10,28,591
2023,12,17,591
2023,11,23,591
2024,03,10,591
2022,05,05,592
2023,11,01,592
2024,01,22,592
2023,12,25,592
2023,11,16,592
2023,11,30,592
2024,02,14,592
2023,12,08,593
2023,11,30,593
2021,05,18,593
2021,09,07,593
2024,01,07,593
2023,12,04,593
2023,12,12,594
2024,01,26,594
2023,12,11,594
2023,11,11,594
2022,04,11,594
2023,11,23,595
2024,03,28,596
2024,02,19,596
2023,07,17,596
2024,04,09,597
2023,10,09,597
2022,12,06,597
2024,02,21,597
2023,11,20,597
2022,12,22,598
2024,04,04,598
2024,03,16,598
2021,06,02,598
2023,11,16,598
2023,02,12,599
2024,02,13,599
2023,12,06,599
2024,02,08,599
2023,11,17,599
2023,12,03,600
2023,11,03,600
2024,02,16,600
2023,07,27,601
2023,12,10,601
2024,02,02,602
2024,04,10,602
2024,03,28,603
2024,02,19,603
2023,12,15,603
2022,08,08,603
2023,11,13,603
2022,05,16,603
2024,02,27,603
2021,06,04,603
2023,02,09,604
2024,04,06,604
2023,12,10,604
2023,01,26,604
2024,02,24,605
2023,12,12,605
2023,11,15,606
2023,11,20,606
2023,10,28,606
2024,03,05,606
2023,10,06,607
2021,05,16,607
2023,12,10,607
2024,02,20,607
2023,11,12,608
2024,03,26,608
2022,08,16,608
2024,03,07,608
2023,10,19,608
2023,12,29,608
2023,08,22,608
2023,11,16,608
2021,08,26,609
2023,10,27,609
2022,05,08,609
2023,08,06,609
2024,01,15,609
2023,07,13,610
2021,07,09,610
2024,01,19,610
2022,08,30,610
2023,03,24,611
2023,12,17,611
2024,02,13,612
2023,12,02,612
2023,11,23,612
2023,10,12,613
2023,06,08,613
2024,02,02,614
2024,01,21,614
2023,02,02,614
2024,02,12,614
2024,01,21,615
2024,01,17,615
2023,10,22,615
2022,05,13,615
2024,01,10,615
2024,01,02,616
2023,11,13,616
2022,05,18,616
2023,10,25,617
2022,03,24,617
2023,12,02,617
2023,11,01,617
2023,07,12,618
2022,06,15,618
2022,07,24,619
2023,11,09,619
2023,10,31,619
2023,11,16,619
2023,12,03,619
2024,04,14,620
2023,11,28,620
2023,05,26,620
2022,01,04,620
2023,01,19,621
2022,03,11,621
2023,10,26,621
2024,03,05,621
2023,12,06,621
2023,11,25,621
2023,04,10,622
2023,10,31,622
2023,03,20,623
2021,09,02,623
2023,12,18,623
2022,08,11,623
2024,03,08,623
2024,01,22,624
2024,02,19,624
2024,03,09,624
2023,04,07,624
2023,10,25,624
2023,10,27,624
2023,10,12,624
2023,12,26,625
2023,05,11,625
2023,12,14,625
2023,12,19,625
2023,12,04,625
2023,10,09,626
2023,02,21,626
2023,12,18,626
2023,06,20,627
2023,10,20,627
2023,12,23,628
2022,04,15,629
2022,08,29,630
2024,03,02,630
2023,05,18,630
2022,05,12,630
2022,09,29,631
2024,01,28,631
2024,02,19,632
2023,12,08,632
2024,02,26,632
2023,05,09,633
2021,06,01,633
2022,10,20,633
2024,01,06,633
2022,05,17,633
2022,10,18,634
2023,10,30,634
2022,05,13,634
2021,05,27,634
2024,01,26,635
2023,11,05,635
2023,10,18,635
2023,10,18,635
2021,11,23,635
2023,04,03,635
2023,10,24,635
2024,04,09,636
2023,11,27,636
2023,12,18,636
2023,07,15,636
2024,01,19,637
2022,05,14,637
2022,12,29,638
2023,11,09,638
2023,12,07,638
2024,02,17,638
2024,03,01,638
2024,01,11,639
2024,01,11,639
2022,12,01,639
2023,11,10,639
2024,01,08,639
2023,12,29,639
2022,08,10,639
2023,05,22,639
2023,10,11,639
2023,10,04,640
2023,12,13,640
2023,10,29,640
2023,11,14,640
2023,05,04,640
2023,09,27,641
2024,03,28,641
2023,04,06,641
2023,10,17,641
2024,04,18,641
2022,03,30,641
2021,12,03,642
2023,07,06,642
2024,01,29,643
2023,10,23,643
2023,10,09,643
2023,12,25,643
2024,03,28,643
2023,08,27,644
2023,11,14,644
2023,10,26,644
2024,03,19,644
2023,02,06,644
2023,10,26,645
2021,11,02,645
2021,10,26,645
2021,09,14,646
2021,05,20,646
2023,10,13,646
2023,10,12,646
2023,10,30,647
2023,10,10,647
2024,02,14,647
2023,10,12,647
2023,10,08,647
2023,07,11,648
2024,02,10,648
2024,02,11,648
2022,05,14,649
2022,09,15,649
2023,12,22,649
2024,03,09,649
2023,11,23,650
2023,08,09,650
2023,11,24,650
2024,02,23,650
2023,10,29,651
2023,11,08,651
2022,05,13,651
2022,05,18,651
2022,04,19,652
2021,05,19,652
2023,10,19,652
2021,11,10,652
2023,07,04,653
2023,07,19,653
2023,11,16,654
2023,08,04,654
2021,08,16,655
2024,01,18,655
2021,06,06,655
2024,01,11,655
2023,12,19,655
2022,10,21,656
2021,05,31,657
2023,08,21,657
2023,11,10,657
2022,09,15,658
2022,05,11,658
2023,11,23,659
2022,05,19,659
2023,12,21,659
2024,02,26,659
2024,02,13,659
2023,10,19,660
2024,02,02,660
2024,04,13,661
2024,02,01,661
2023,10,19,661
2023,10,26,661
2024,01,07,661
2024,04,01,661
2023,11,18,661
2024,04,12,661
2022,07,04,661
2021,09,13,662
2023,10,12,662
2023,11,16,662
2022,05,13,663
2024,03,07,663
2024,02,06,663
2023,03,21,664
2023,12,03,664
2023,11,05,664
2023,10,16,664
2022,10,28,664
2023,12,07,665
2021,05,16,665
2022,12,29,665
2024,01,21,665
2023,12,09,665
2021,09,08,665
2024,03,29,666
2023,10,30,666
2023,12,08,666
2023,12,18,667
2023,11,13,667
2022,12,07,667
2022,05,13,667
2024,01,20,668
2024,02,17,668
2024,01,13,668
2022,11,02,668
2023,11,13,668
2021,08,25,668
2023,11,02,669
2023,11,04,669
2023,10,24,669
2023,11,13,669
2023,08,24,670
2023,11,20,670
2024,01,24,670
2023,11,07,670
2023,12,07,670
2023,05,04,670
2024,02,25,670
2024,02,12,670
2022,08,22,671
2023,11,18,671
2024,01,26,671
2024,03,30,671
2024,03,12,672
2024,02,20,672
2024,02,15,672
2023,11,09,672
2023,08,20,672
2024,04,03,672
2021,12,29,672
2023,12,13,673
2023,11,14,673
2024,02,22,673
2023,10,22,673
2024,04,03,674
2023,11,10,674
2022,04,27,674
2021,06,14,674
2024,01,17,675
2022,09,07,675
2023,05,09,675
2022,10,19,676
2023,10,21,676
2023,12,08,676
2023,11,27,677
2023,12,07,677
2023,07,03,677
2023,12,11,677
2023,12,06,677
2023,11,03,677
2024,02,14,677
2021,09,01,677
2023,12,11,678
2022,05,27,678
2024,03,30,678
2024,01,25,678
2023,11,03,678
2024,03,15,679
2022,07,18,679
2022,12,04,679
2023,11,11,679
2023,10,31,679
2022,05,20,680
2024,03,27,680
2022,09,01,680
2024,04,04,681
2024,03,02,681
2023,11,15,681
2024,03,11,681
2024,02,15,681
2023,11,30,681
2023,10,18,682
2024,02,27,682
2023,12,12,682
2021,05,19,683
2023,11,05,683
2023,10,20,683
2024,01,07,683
2024,03,07,683
2023,11,22,684
2023,09,05,684
2024,02,02,685
2022,02,13,685
2024,01,21,685
2023,10,30,685
2023,11,02,685
2023,11,18,686
2024,01,04,686
2023,10,10,686
2024,02,21,686
2021,08,02,686
2023,05,02,686
2023,10,29,686
2023,11,27,686
2023,10,30,686
2023,06,20,687
2023,11,09,688
2024,02,21,688
2023,07,12,689
2024,01,10,689
2023,08,22,689
2024,02,07,689
2023,10,15,690
2024,03,06,690
2023,10,11,690
2023,11,07,691
2022,09,07,691
2021,06,10,691
2021,08,21,691
2023,11,20,692
2024,02,14,692
2023,10,17,692
2024,03,02,692
2022,09,19,692
2024,02,18,693
2021,06,28,693
2021,09,13,693
2023,12,04,693
2024,04,02,694
2024,03,29,694
2021,06,07,694
2021,06,08,694
2022,03,09,695
2021,09,06,695
2023,05,23,695
2023,12,08,695
2023,10,29,695
2024,02,22,695
2024,01,06,695
2021,06,10,695
2024,03,02,696
2021,06,11,696
2023,05,02,696
2023,08,19,697
2022,05,20,698
2021,06,11,699
2023,11,17,699
2024,02,06,699
2024,01,07,699
2021,05,16,700
2023,07,21,700
2024,04,12,700
2022,01,22,701
2021,05,13,701
2021,07,08,702
2024,04,03,702
2023,10,10,703
2023,01,27,703
2024,01,14,703
2024,03,20,704
2021,06,17,705
2024,02,01,705
2024,02,13,705
2024,02,05,705
2022,10,26,706
2022,09,13,707
2023,05,03,707
2024,01,01,707
2024,02,28,707
2022,12,24,708
2023,11,03,708
2021,12,09,708
2023,11,23,709
2024,02,11,709
2023,03,19,709
2023,10,27,710
2024,03,08,710
2023,10,16,710
2023,12,15,710
2022,05,26,711
2024,02,23,711
2021,08,05,711
2022,04,21,711
2023,12,29,711
2023,11,11,712
2024,03,06,712
2023,01,17,712
2024,04,09,712
2023,10,12,713
2024,02,15,713
2024,04,08,713
2023,01,19,713
2024,02,21,713
2021,05,27,714
2022,11,21,714
2023,12,01,714
2023,09,05,714
2023,02,20,715
2023,01,06,715
2023,12,13,715
2023,10,24,715
2021,08,11,715
2023,10,28,716
2022,08,05,716
2024,02,19,716
2024,02,11,717
2024,02,19,717
2024,02,28,717
2023,01,28,718
2023,08,21,718
2023,11,22,718
2021,05,17,718
2024,02,09,718
2022,09,30,718
2024,01,14,719
2023,12,22,719
2022,04,29,719
2023,03,24,720
2021,05,26,720
2024,02,21,720
2023,11,13,720
2023,12,24,720
2021,10,14,721
2021,05,17,721
2021,12,13,722
2021,06,10,722
2023,11,14,722
2024,03,21,722
2023,10,15,723
2024,03,04,723
2023,12,21,723
2021,06,15,723
2023,11,30,724
2022,07,20,726
2023,04,05,727
2023,11,12,727
2023,10,13,727
2023,10,10,728
2022,06,11,728
2021,07,06,728
2024,02,26,728
2021,09,10,729
2022,10,24,729
2024,01,24,729
2023,12,08,730
2023,12,01,730
2023,12,19,730
2023,02,22,730
2021,05,15,732
2024,02,08,732
2024,01,14,732
2021,05,24,733
2023,07,05,733
2022,07,04,734
2023,03,07,734
2023,05,03,735
2023,06,13,735
2023,11,03,735
2024,03,17,735
2023,08,22,736
2023,11,17,736
2023,10,05,736
2023,12,07,736
2022,11,02,737
2023,11,23,737
2024,04,09,737
2024,03,02,737
2023,10,24,737
2023,11,17,738
2021,05,23,738
2021,05,16,738
2024,02,08,739
2023,10,08,739
2023,12,28,739
2024,01,26,739
2023,11,13,740
2024,04,02,740
2023,10,09,740
2023,06,14,740
2021,10,24,740
2022,04,23,740
2024,01,20,741
2022,11,14,741
2024,04,05,741
2023,11,01,742
2024,01,06,742
2023,10,09,743
2022,08,18,743
2024,01,02,743
2023,01,29,743
2023,11,16,743
2023,10,25,744
2023,02,19,744
2023,06,05,744
2024,01,20,745
2023,12,20,745
2024,03,21,745
2023,10,17,745
2023,03,31,745
2022,05,30,745
2024,01,20,746
2023,11,14,746
2024,03,29,746
2023,11,19,747
2023,11,08,747
2021,07,07,747
2021,06,21,747
2022,05,28,747
2023,10,22,747
2023,10,16,747
2023,02,20,748
2021,05,19,748
2023,03,08,749
2023,11,02,749
2023,10,12,749
2023,11,07,750
2023,10,28,750
2024,01,04,751
2024,03,15,751
2021,05,15,751
2024,02,14,751
2024,04,13,751
2021,05,15,751
2023,03,13,752
2024,01,21,752
2023,11,01,752
2024,03,20,753
2024,02,23,753
2022,12,20,753
2023,11,01,753
2023,11,23,753
2024,04,01,754
2023,12,30,754
2021,06,03,754
2023,11,03,755
2023,05,16,755
2023,11,20,756
2024,03,22,756
2023,10,16,756
2021,05,27,756
2024,02,25,756
2023,10,09,756
2022,07,30,757
2024,02,25,757
2023,11,21,759
2024,03,18,759
2024,01,23,759
2023,12,01,759
2024,04,02,759
2023,10,26,759
2023,11,02,760
2022,12,31,760
2023,11,22,760
2023,10,26,760
2023,11,05,760
2023,12,12,761
2023,10,10,762
2024,04,04,762
2023,09,20,762
2022,06,09,762
2024,03,12,763
2023,11,28,763
2023,12,13,763
2024,04,07,763
2024,03,07,764
2021,07,18,764
2024,03,18,764
2023,01,27,764
2023,11,26,764
2022,04,21,764
2023,12,19,764
2023,01,02,765
2022,04,22,765
2024,01,02,765
2023,11,13,766
2023,10,19,766
2024,02,21,766
2024,02,02,766
2023,10,16,766
2023,07,07,767
2024,02,29,767
2023,06,28,767
2023,06,06,767
2021,05,25,768
2023,10,30,768
2023,11,09,768
2023,12,05,769
2023,10,10,769
2023,10,20,770
2022,02,01,770
2023,12,11,770
2024,02,28,771
2023,11,28,771
2021,05,14,772
2023,05,18,772
2024,04,05,772
2021,05,25,772
2024,03,25,773
2023,11,24,773
2023,11,05,774
2024,03,21,774
2024,03,22,774
2023,11,24,774
2023,05,29,774
2024,03,21,775
2023,10,12,775
2024,01,23,775
2023,04,14,776
2022,04,17,776
2021,09,25,776
2024,01,11,777
2021,05,17,777
2022,04,30,777
2023,06,23,777
2023,10,16,778
2023,11,20,779
2024,04,17,779
2021,05,26,779
2023,11,26,780
2022,06,24,780
2023,10,28,781
2024,01,25,781
2023,11,11,781
2024,01,12,781
2024,03,18,781
2023,10,17,782
2023,11,29,782
2023,01,27,782
2024,01,19,783
2021,05,22,783
2022,11,24,783
2023,12,02,784
2022,06,01,784
2024,02,13,784
2021,11,18,784
2024,02,14,784
2023,12,09,784
2023,12,28,785
2024,02,13,785
2021,05,12,786
2024,02,16,787
2023,03,28,789
2022,05,18,789
2023,11,04,789
2021,06,29,789
2023,01,30,789
2023,11,16,790
2023,12,02,790
2023,11,17,791
2022,05,26,792
2023,10,16,792
2023,04,12,792
2023,12,24,792
2024,02,15,792
2023,01,31,792
2023,12,31,793
2022,08,26,793
2021,05,23,793
2023,06,23,794
2021,05,17,794
2023,05,02,794
2024,04,02,794
2021,08,02,794
2023,10,13,794
2024,01,26,795
2023,11,04,796
2023,05,11,796
2022,04,21,797
2024,02,28,797
2023,01,29,797
2024,01,13,797
2021,06,10,797
2024,02,01,799
2023,02,26,799
2024,01,29,799
2021,05,26,800
2022,12,08,800
2023,09,19,801
2023,11,09,801
2022,06,20,802
2023,10,16,802
2023,05,26,803
2024,02,02,803
2021,05,13,803
2022,11,18,803
2023,06,17,803
2022,12,30,804
2023,12,16,805
2024,04,11,805
2023,10,10,806
2024,04,03,806
2024,02,19,806
2023,12,02,807
2023,10,17,807
2024,01,03,807
2024,03,23,807
2024,04,04,808
2023,10,10,809
2024,02,26,810
2024,02,29,810
2023,12,25,811
2024,01,14,811
2022,08,09,812
2023,12,01,813
2023,10,20,814
2022,07,02,814
2024,03,13,814
2024,04,07,814
2023,10,16,815
2023,10,19,815
2021,09,23,816
2022,07,21,816
2023,01,23,816
2024,03,18,816
2024,01,05,816
2024,01,10,816
2023,10,13,816
2023,12,28,817
2023,10,12,817
2024,04,14,818
2023,12,05,818
2024,03,08,818
2023,12,31,820
2023,11,01,820
2022,05,16,820
2023,10,14,820
2021,12,29,821
2023,12,16,822
2023,10,25,822
2023,11,27,822
2021,06,14,823
2023,11,09,823
2023,01,12,823
2022,04,29,823
2023,10,11,824
2021,10,05,824
2023,08,08,824
2024,04,18,824
2023,10,14,824
2023,10,20,824
2024,04,13,825
2023,10,30,825
2023,04,02,825
2023,10,25,825
2023,10,16,825
2021,06,11,826
2021,08,20,826
2023,10,23,826
2023,10,28,827
2023,11,15,827
2023,11,16,827
2022,10,03,827
2024,02,12,827
2022,11,23,827
2023,04,11,827
2023,12,02,828
2024,03,09,828
2024,04,18,828
2023,10,18,828
2024,04,02,828
2024,02,20,828
2023,06,22,828
2023,10,25,828
2023,03,07,828
2023,11,09,829
2023,10,24,829
2022,05,24,830
2021,10,11,831
2023,07,28,831
2022,06,02,831
2024,03,08,832
2022,05,11,832
2023,10,10,834
2023,10,23,834
2023,10,19,834
2023,10,22,834
2024,04,05,836
2023,11,12,837
2023,05,11,837
2023,10,19,838
2023,12,05,838
2023,10,08,838
2023,07,03,838
2023,11,25,839
2023,10,18,840
2023,04,09,841
2023,04,05,842
2023,10,17,842
2023,10,20,842
2024,01,21,843
2024,03,21,843
2024,03,21,843
2023,10,13,843
2024,04,15,843
2024,01,16,843
2024,04,12,843
2023,02,26,844
2023,03,02,844
2023,11,10,844
2023,11,21,845
2022,07,13,845
2023,10,27,845
2022,08,06,846
2022,05,05,846
2023,10,20,846
2024,03,07,846
2023,03,01,846
2024,02,16,846
2023,11,15,847
2024,02,01,847
2022,06,06,848
2024,04,02,848
2023,03,03,848
2022,08,08,849
2024,01,12,849
2023,11,24,850
2021,10,12,850
2023,10,13,850
2023,12,03,851
2021,05,23,851
2024,02,08,851
2022,12,02,852
2023,12,15,852
2023,12,31,852
2024,03,13,852
2023,10,13,853
2024,03,11,853
2023,10,13,853
2022,09,13,853
2023,01,29,853
2023,04,06,854
2024,01,21,854
2024,01,11,854
2024,02,05,855
2024,03,28,855
2022,05,12,856
2023,12,15,856
2023,11,02,857
2023,10,14,857
2023,10,04,858
2023,11,22,858
2024,01,12,858
2023,10,22,858
2023,10,18,858
2023,06,16,859
2024,02,07,859
2023,06,23,859
2022,06,16,860
2023,10,19,860
2022,09,26,860
2024,02,27,860
2021,09,20,861
2023,12,01,861
2024,02,28,861
2023,10,31,862
2023,10,22,863
2023,04,08,863
2024,01,03,864
2023,10,21,864
2023,11,01,865
2023,10,26,865
2024,03,07,865
2023,07,27,865
2023,10,23,866
2023,10,21,866
2024,04,12,866
2024,04,05,866
2023,10,14,867
2023,02,23,867
2023,11,17,869
2023,10,13,869
2023,10,30,869
2023,07,06,869
2023,10,13,871
2023,11,29,871
2024,03,22,871
2024,03,04,871
2023,06,14,872
2022,05,12,872
2023,11,27,872
2023,04,07,872
2022,05,17,873
2021,05,17,874
2024,04,10,874
2024,01,19,874
2023,05,18,875
2024,02,26,875
2023,02,24,875
2023,10,13,876
2024,01,08,876
2023,11,19,876
2023,06,21,876
2023,11,14,877
2021,07,27,877
2021,09,10,877
2024,01,26,878
2023,12,15,878
2024,01,07,879
2023,06,28,879
2023,12,10,880
2023,11,20,880
2024,01,09,880
2023,11,28,880
2024,02,26,881
2023,10,26,882
2023,11,02,883
2022,07,26,884
2023,11,27,884
2023,06,20,885
2023,10,13,885
2024,03,20,886
2024,03,14,887
2023,11,15,888
2023,11,02,888
2023,05,12,888
2024,03,13,888
2023,11,24,889
2024,03,07,889
2023,10,27,889
2023,05,11,890
2021,06,03,890
2022,05,19,890
2024,02,07,891
2023,11,22,891
2024,03,10,891
2023,10,27,891
2024,02,02,892
2023,10,16,892
2023,11,06,893
2023,11,02,893
2024,03,22,894
2023,11,08,894
2024,02,15,895
2023,10,18,895
2023,11,03,895
2021,10,22,895
2022,08,06,896
2022,09,23,896
2022,06,13,897
2024,02,01,898
2023,12,05,898
2023,12,26,898
2023,07,18,899
2022,06,30,899
2022,05,13,899
2024,02,24,900
2022,09,01,900
2023,11,09,900
2023,11,23,900
2024,03,30,901
2023,11,23,902
2021,06,25,902
2023,12,16,902
2023,04,05,902
2023,06,29,903
2023,12,26,903
2023,11,29,903
2023,11,19,903
2023,11,25,904
2024,02,15,904
2023,12,04,905
2023,04,18,905
2023,12,07,906
2023,10,16,907
2024,03,07,908
2022,06,30,908
2024,02,27,908
2022,06,11,909
2024,04,07,909
2023,10,30,910
2023,01,27,910
2023,07,18,910
2024,03,25,910
2022,08,05,910
2021,05,17,911
2024,03,29,911
2022,09,06,912
2024,02,02,912
2024,02,13,913
2021,06,23,913
2023,10,31,913
2023,09,13,913
2024,04,08,914
2024,03,18,914
2023,10,11,914
2023,10,19,915
2023,10,17,915
2023,12,13,915
2023,04,03,916
2024,02,21,917
2024,03,15,917
2023,10,27,918
2022,04,26,918
2021,05,21,918
2023,10,31,918
2023,05,18,919
2024,02,17,919
2024,03,12,919
2023,11,02,920
2023,02,26,920
2022,08,03,920
2023,12,14,920
2021,05,26,921
2021,06,05,922
2021,05,17,922
2023,11,05,922
2023,10,18,923
2024,03,19,923
2021,05,16,923
2023,10,11,924
2023,11,10,924
2023,11,10,925
2024,02,06,925
2023,12,17,925
2023,03,10,925
2023,12,22,926
2023,06,26,927
2022,11,10,927
2023,10,24,927
2024,02,17,927
2024,01,15,928
2022,04,27,928
2023,05,10,929
2023,12,19,929
2023,10,16,929
2023,12,09,929
2024,01,18,929
2023,11,08,929
2023,11,29,929
2021,08,23,929
2023,11,10,930
2024,02,18,930
2023,11,11,930
2023,11,10,930
2024,02,19,931
2023,12,07,931
2023,10,19,932
2024,02,28,932
2024,01,04,932
2023,11,09,932
2022,08,18,932
2023,10,21,933
2021,10,16,933
2024,03,08,934
2023,10,31,934
2023,10,18,934
2023,10,15,936
2021,10,10,936
2023,11,03,937
2023,10,12,937
2023,10,10,937
2023,11,04,937
2024,01,04,938
2024,02,27,938
2023,10,08,938
2023,10,30,938
2023,05,11,938
2024,03,20,939
2023,11,15,940
2023,11,01,940
2023,10,12,940
2024,03,10,940
2023,01,30,941
2022,11,11,941
2024,01,19,941
2022,05,15,941
2023,11,30,941
2024,03,14,941
2023,10,12,942
2021,07,15,942
2024,01,06,943
2023,12,23,944
2023,10,19,945
2023,10,10,946
2024,03,05,946
2022,02,05,946
2022,05,18,947
2024,04,02,947
2024,01,23,948
2023,11,02,948
2022,08,18,948
2021,09,28,949
2022,08,09,949
2021,07,30,949
2024,02,16,950
2023,11,20,951
2022,09,05,952
2021,05,21,953
2023,12,11,953
2023,12,26,953
2023,09,15,954
2022,05,16,954
2022,05,10,954
2023,11,25,955
2023,10,26,955
2024,01,01,955
2023,02,22,955
2024,03,06,955
2024,02,06,955
2023,10,19,956
2023,12,28,956
2022,12,30,956
2023,10,13,956
2024,02,19,956
2023,02,02,956
2023,03,30,957
2023,02,28,957
2023,10,12,957
2023,11,03,957
2023,12,30,957
2023,05,18,958
2023,12,20,958
2023,04,09,958
2024,01,31,958
2024,04,02,958
2023,07,03,958
2023,10,24,958
2023,12,03,959
2023,11,24,959
2022,05,14,960
2024,02,27,960
2024,01,08,960
2023,10,10,960
2023,02,17,960
2023,11,15,960
2023,10,30,960
2023,12,23,961
2023,01,27,961
2023,11,15,961
2023,11,24,962
2023,01,31,962
2022,07,08,962
2023,11,22,962
2023,11,08,963
2024,04,04,964
2023,01,28,964
2024,02,21,965
2023,12,19,966
2021,10,13,966
2022,08,07,966
2021,05,15,967
2023,10,16,968
2023,12,08,968
2024,03,12,968
2023,07,03,969
2022,08,07,969
2024,04,18,969
2023,11,07,970
2023,11,28,970
2022,02,10,970
2023,11,08,970
2022,11,24,970
2023,10,21,971
2022,12,06,971
2022,09,05,971
2023,11,12,972
2023,11,18,972
2024,03,04,972
2021,05,22,973
2021,09,05,973
2023,11,12,973
2023,11,06,973
2021,05,14,974
2023,12,06,974
2022,12,18,974
2024,01,31,975
2024,04,14,975
2023,12,04,975
2022,04,15,975
2023,10,25,975
2023,02,23,975
2024,03,01,975
2024,04,05,976
2021,06,06,976
2023,02,27,976
2022,08,28,977
2023,06,19,977
2023,11,09,977
2023,12,15,977
2022,05,20,977
2023,11,24,978
2023,12,09,980
2024,04,04,980
2021,05,29,981
2023,05,17,981
2023,12,24,981
2023,10,21,981
2021,05,14,982
2023,07,13,983
2023,05,12,983
2021,05,27,983
2023,11,07,983
2023,10,10,984
2023,11,02,984
2021,05,20,984
2023,11,18,984
2021,05,26,985
2023,10,16,985
2023,12,07,985
2023,11,07,985
2023,08,17,985
2023,11,29,986
2024,03,05,987
2021,06,15,987
2023,11,13,988
2023,11,14,989
2023,06,05,989
2023,11,22,990
2023,01,06,992
2023,11,16,992
2024,03,13,992
2023,11,07,993
2023,05,03,993
2024,03,27,993
2021,12,30,993
2022,10,12,994
2024,01,01,994
2023,04,06,995
2023,11,01,996
2023,05,28,997
2021,06,07,997
2023,10,14,997
2021,10,05,997
2023,10,20,998
2023,10,09,998
2024,01,29,998
2021,05,24,999
2022,07,14,999
2023,10,13,1000
2023,12,29,1000
2022,05,23,1001
2022,07,04,1001
2023,10,30,1001
2024,02,29,1001
2021,09,08,1002
2023,12,09,1003
2023,10,29,1003
2024,02,12,1004
2023,10,29,1004
2021,06,05,1004
2024,04,07,1005
2023,11,11,1005
2021,08,22,1006
2023,11,26,1006
2021,05,16,1007
2023,04,07,1007
2024,01,30,1007
2023,11,20,1008
2022,08,20,1008
2024,02,11,1008
2021,10,20,1008
2023,11,08,1008
2023,10,17,1009
2023,12,18,1010
2023,11,18,1011
2023,11,08,1011
2024,04,08,1011
2023,07,24,1012
2023,10,25,1012
2024,01,10,1012
2021,07,18,1013
2024,04,02,1013
2023,12,02,1014
2024,01,16,1014
2023,11,03,1015
2023,10,23,1016
2023,10,07,1016
2024,02,23,1017
2023,10,30,1017
2024,03,01,1017
2023,10,28,1017
2021,06,09,1017
2024,03,05,1017
2023,11,20,1018
2023,10,14,1018
2023,11,29,1018
2024,01,09,1018
2021,09,09,1019
2024,02,07,1019
2024,01,13,1019
2024,01,02,1020
2024,02,18,1021
2023,11,20,1021
2024,04,03,1021
2022,09,05,1022
2023,01,02,1022
2023,10,29,1022
2023,10,23,1023
2022,11,25,1023
2023,09,28,1023
2023,12,22,1024
2024,01,12,1024
2023,06,05,1025
2024,01,29,1026
2024,02,26,1028
2023,10,10,1028
2023,11,25,1028
2021,05,29,1030
2021,10,31,1030
2023,08,28,1030
2023,02,09,1030
2023,11,10,1031
2023,10,20,1032
2023,01,17,1032
2022,05,11,1032
2024,01,06,1032
2023,10,25,1032
2023,01,04,1033
2022,04,17,1034
2023,05,14,1034
2022,07,06,1035
2021,05,16,1035
2023,11,10,1035
2024,01,27,1036
2023,12,09,1036
2024,01,07,1037
2024,03,31,1037
2023,11,14,1038
2024,02,23,1038
2023,07,23,1038
2021,07,02,1039
2024,01,15,1039
2021,05,30,1041
2024,03,25,1041
2021,06,04,1041
2023,12,03,1041
2023,10,11,1042
2024,03,21,1043
2022,08,08,1043
2023,11,22,1043
2024,04,04,1043
2021,05,17,1043
2023,12,14,1043
2024,04,14,1043
2024,03,24,1044
2024,03,18,1045
2023,11,24,1045
2022,01,05,1045
2023,11,02,1045
2023,11,06,1046
2024,04,01,1046
2023,12,18,1046
2021,05,21,1046
2021,05,25,1047
2023,12,14,1047
2023,05,25,1047
2024,02,29,1047
2023,11,11,1048
2023,12,02,1048
2023,10,12,1048
2021,09,13,1049
2023,05,11,1050
2023,10,09,1050
2023,07,07,1050
2023,08,28,1051
2024,01,12,1051
2024,03,10,1051
2023,11,16,1052
2023,10,26,1052
2023,10,13,1053
2024,02,13,1053
2024,02,05,1053
2021,07,19,1053
2024,02,16,1053
2022,02,01,1053
2023,05,02,1054
2023,11,24,1054
2023,06,02,1055
2022,08,08,1055
2022,05,15,1055
2024,02,03,1056
2023,11,13,1056
2023,11,17,1056
2023,10,13,1056
2024,03,08,1056
2022,05,13,1057
2022,05,11,1058
2021,06,09,1059
2021,05,13,1060
2024,04,08,1060
2023,12,26,1060
2023,10,18,1060
2023,11,15,1060
2022,04,30,1061
2024,03,17,1061
2023,12,20,1062
2023,12,27,1062
2023,05,30,1062
2023,06,26,1062
2023,07,14,1063
2024,03,01,1063
2022,12,29,1063
2022,06,15,1064
2023,11,14,1064
2023,12,20,1064
2023,11,08,1066
2024,02,19,1066
2023,08,31,1067
2023,06,08,1068
2023,11,27,1068
2023,12,20,1068
2022,11,14,1069
2023,11,13,1069
2023,06,22,1069
2023,11,09,1069
2023,10,13,1070
2021,05,28,1070
2023,02,28,1071
2021,05,26,1071
2024,02,29,1071
2024,03,14,1072
2023,12,22,1072
2024,03,05,1072
2023,12,17,1073
2023,10,13,1074
2022,11,17,1074
2024,02,29,1074
2023,06,10,1075
2024,02,22,1076
2022,08,07,1076
2022,04,08,1076
2022,09,25,1076
2022,12,12,1076
2021,06,11,1077
2023,12,11,1077
2022,05,19,1078
2023,10,18,1078
2023,12,29,1078
2021,09,14,1079
2023,10,09,1079
2023,11,27,1079
2024,02,05,1080
2021,05,21,1081
2023,11,08,1081
2023,04,05,1082
2023,12,13,1082
2022,03,25,1083
2023,12,24,1083
2021,05,19,1083
2023,12,11,1083
2023,10,26,1083
2022,05,11,1083
2022,07,08,1083
2023,10,18,1084
2024,01,31,1085
2023,12,01,1085
2022,10,25,1085
2022,01,28,1086
2023,10,13,1086
2022,06,11,1086
2024,01,23,1087
2023,11,29,1087
2024,02,04,1087
2023,11,10,1088
2024,04,07,1088
2021,07,23,1088
2024,03,30,1089
2023,10,27,1089
2023,12,23,1089
2023,10,12,1090
2024,01,15,1090
2024,01,13,1090
2021,05,30,1090
2023,12,25,1090
2023,10,21,1091
2021,07,12,1091
2024,01,12,1092
2023,11,13,1092
2023,11,28,1093
2023,07,10,1093
2023,12,01,1094
2024,01,27,1095
2023,02,03,1095
2023,12,13,1096
2021,08,30,1096
2023,12,08,1096
2024,01,15,1096
2021,09,23,1097
2024,03,02,1097
2023,10,30,1098
2021,08,17,1098
2023,10,09,1098
2021,06,02,1099
2023,03,31,1099
2024,03,22,1100
2023,11,02,1100
2021,06,24,1101
2023,11,27,1101
2024,02,24,1101
2023,11,04,1101
2022,12,21,1101
2022,04,22,1101
2021,06,21,1102
2023,11,19,1103
2024,01,15,1103
2023,10,19,1103
2023,05,18,1105
2021,08,27,1106
2021,11,14,1107
2021,09,13,1107
2024,01,25,1108
2021,07,01,1109
2024,04,17,1109
2022,05,29,1110
2023,02,23,1111
2024,04,17,1111
2022,04,29,1112
2024,02,04,1112
2024,01,12,1112
2021,06,07,1113
2023,10,17,1113
2023,12,13,1113
2023,10,31,1114
2021,06,01,1114
2021,12,01,1115
2023,10,11,1115
2023,11,02,1115
2022,04,15,1115
2024,01,31,1116
2024,02,17,1116
2024,02,15,1116
2022,12,03,1117
2024,01,24,1118
2023,10,14,1118
2024,02,12,1119
2023,04,01,1119
2024,02,23,1120
2023,11,14,1120
2023,12,22,1120
2021,09,01,1120
2023,07,20,1121
2021,09,21,1121
2024,02,15,1123
2021,08,12,1124
2023,10,28,1124
2023,12,13,1125
2024,02,18,1125
2023,10,29,1126
2022,09,23,1126
2024,01,24,1126
2023,02,27,1127
2024,04,02,1128
2024,01,15,1128
2024,02,06,1128
2022,07,28,1128
2023,12,01,1128
2022,09,23,1129
2022,12,29,1129
2024,01,30,1130
2023,10,17,1130
2023,11,22,1130
2023,10,18,1131
2023,10,17,1131
2024,02,17,1131
2023,07,08,1132
2023,10,21,1133
2023,11,14,1133
2023,01,04,1134
2022,03,30,1134
2023,12,05,1134
2024,01,04,1135
2023,10,19,1137
2023,11,01,1138
2023,11,10,1138
2024,03,19,1139
2023,10,24,1139
2023,05,11,1140
2023,10,13,1141
2022,05,10,1141
2021,05,16,1143
2023,10,15,1143
2023,11,10,1143
2023,10,19,1143
2021,08,11,1143
2023,11,19,1144
2024,03,16,1145
2023,10,27,1146
2021,12,10,1146
2021,10,19,1147
2023,07,06,1148
2021,05,25,1148
2024,04,01,1148
2023,12,01,1148
2023,10,25,1149
2023,11,03,1150
2024,03,06,1151
2023,10,26,1151
2023,11,08,1152
2024,02,26,1152
2023,10,07,1152
2021,05,13,1153
2023,05,24,1154
2023,11,04,1154
2021,05,09,1155
2023,07,13,1155
2024,03,25,1155
2023,10,18,1156
2024,01,22,1157
2023,12,27,1158
2023,10,27,1159
2024,04,07,1159
2021,05,17,1160
2023,02,27,1160
2023,12,13,1161
2023,10,21,1161
2024,01,09,1161
2024,03,30,1164
2023,11,04,1165
2023,09,22,1166
2023,11,20,1167
2024,02,25,1167
2023,11,06,1167
2021,06,01,1168
2024,01,12,1169
2023,11,30,1169
2022,06,01,1169
2022,10,31,1169
2023,02,15,1170
2024,01,31,1171
2024,01,25,1171
2023,11,19,1171
2023,11,04,1172
2023,10,26,1173
2024,04,17,1173
2023,12,09,1173
2024,02,13,1174
2021,06,07,1174
2022,10,17,1174
2024,01,05,1175
2023,12,27,1175
2023,08,17,1176
2023,12,29,1177
2023,11,06,1177
2024,02,07,1177
2022,05,29,1177
2023,10,20,1179
2021,05,23,1179
2023,11,11,1180
2023,11,10,1180
2023,10,31,1181
2023,01,26,1181
2023,11,21,1181
2021,11,01,1182
2024,03,12,1183
2023,11,08,1183
2023,12,11,1183
2023,11,06,1184
2021,10,25,1184
2023,11,13,1185
2024,02,27,1186
2024,03,06,1187
2021,05,25,1188
2023,08,27,1189
2022,03,24,1189
2023,12,10,1190
2023,12,21,1190
2024,01,11,1190
2024,03,26,1190
2024,02,04,1192
2023,05,11,1192
2023,08,31,1193
2024,02,14,1193
2023,05,02,1193
2021,10,26,1193
2021,07,08,1196
2023,11,30,1197
2023,11,15,1197
2023,11,13,1198
2023,10,18,1198
2021,05,14,1198
2023,11,12,1198
2023,12,10,1199
2023,05,31,1199
2021,09,23,1199
2023,12,02,1200
2024,01,30,1201
2023,06,29,1202
2024,01,01,1202
2023,10,10,1202
2021,05,23,1203
2024,02,21,1203
2024,03,24,1204
2023,12,21,1205
2024,04,09,1205
2022,09,25,1205
2023,10,09,1207
2022,12,06,1208
2021,05,21,1208
2023,10,28,1208
2023,10,18,1209
2023,11,14,1210
2021,05,24,1210
2021,05,31,1211
2024,01,22,1212
2023,12,14,1212
2021,05,19,1213
2023,10,27,1215
2021,05,18,1216
2023,07,19,1216
2024,04,17,1216
2024,02,12,1216
2024,01,26,1217
2024,04,10,1219
2023,11,02,1220
2024,01,29,1220
2021,06,04,1222
2021,06,17,1223
2023,10,23,1224
2023,08,31,1224
2022,01,29,1225
2021,09,07,1226
2023,10,23,1227
2023,10,11,1227
2023,05,15,1227
2024,03,06,1228
2022,03,15,1228
2023,12,04,1229
2023,12,01,1229
2024,03,08,1231
2024,03,11,1231
2024,03,02,1233
2024,03,06,1235
2023,11,08,1236
2023,10,28,1237
2024,01,16,1238
2022,02,04,1238
2024,02,01,1239
2023,11,09,1240
2023,12,02,1241
2023,02,08,1242
2022,11,11,1243
2022,10,05,1244
2021,06,29,1245
2024,03,28,1245
2024,03,13,1246
2022,09,05,1247
2021,12,07,1247
2021,08,02,1247
2024,01,28,1247
2023,10,25,1247
2023,12,16,1248
2021,05,27,1248
2023,11,18,1248
2021,10,13,1248
2023,11,27,1248
2023,11,08,1248
2021,08,24,1251
2023,10,20,1251
2024,03,11,1251
2024,03,13,1253
2023,05,15,1253
2022,09,29,1253
2023,11,07,1253
2023,10,17,1254
2021,08,08,1254
2021,06,25,1254
2024,02,01,1254
2023,09,14,1257
2023,11,02,1257
2024,01,12,1257
2021,05,19,1258
2023,11,30,1258
2022,07,07,1258
2022,05,15,1259
2022,09,21,1260
2023,12,03,1260
2021,06,30,1260
2023,11,09,1260
2023,11,06,1261
2023,10,25,1263
2023,12,29,1264
2023,07,06,1264
2023,09,17,1264
2023,12,27,1265
2023,12,30,1266
2023,04,12,1267
2021,05,21,1268
2024,01,23,1268
2021,09,15,1269
2022,05,22,1269
2021,06,23,1271
2023,10,23,1272
2024,02,03,1273
2023,11,13,1273
2023,12,01,1274
2023,12,14,1275
2022,06,11,1275
2023,11,16,1276
2023,07,05,1278
2023,11,17,1278
2024,02,09,1279
2022,08,25,1279
2021,06,03,1280
2023,11,27,1280
2021,05,23,1281
2022,04,30,1281
2021,11,05,1281
2024,02,28,1282
2024,01,17,1283
2023,11,21,1284
2023,01,19,1284
2023,10,26,1285
2022,07,05,1287
2023,12,21,1287
2023,12,06,1288
2023,11,04,1288
2022,10,14,1288
2024,04,06,1290
2022,12,26,1290
2023,12,23,1291
2024,01,09,1292
2023,02,14,1292
2023,11,25,1293
2023,11,03,1293
2023,11,13,1293
2023,11,16,1294
2024,04,12,1294
2023,05,08,1294
2023,12,11,1295
2023,05,18,1295
2024,04,05,1295
2023,12,14,1297
2023,06,17,1298
2024,02,20,1299
2024,03,18,1300
2023,10,12,1301
2023,11,20,1301
2023,10,15,1302
2024,02,14,1303
2024,01,17,1303
2022,11,03,1303
2023,10,31,1305
2023,12,02,1306
2021,06,05,1306
2022,08,05,1306
2023,11,30,1307
2021,10,19,1308
2024,04,02,1308
2023,10,27,1309
2023,12,27,1309
2022,01,21,1309
2023,10,29,1310
2023,10,30,1311
2023,10,12,1311
2023,02,21,1313
2023,10,15,1314
2023,11,21,1314
2024,02,02,1317
2023,11,07,1317
2023,07,15,1317
2022,11,04,1318
2023,07,17,1318
2024,01,02,1319
2023,12,05,1319
2023,12,08,1320
2023,12,12,1325
2021,12,31,1326
2023,11,15,1327
2024,03,05,1327
2024,03,11,1329
2024,02,03,1331
2023,10,27,1331
2023,12,21,1332
2023,01,03,1332
2024,02,15,1336
2023,11,01,1340
2022,08,09,1341
2023,01,18,1342
2023,08,28,1342
2023,12,25,1343
2023,12,31,1343
2024,03,28,1345
2022,04,26,1345
2023,12,22,1346
2024,01,16,1347
2024,03,06,1348
2024,01,17,1349
2023,11,04,1349
2023,10,19,1350
2023,10,16,1351
2021,10,28,1352
2024,03,27,1353
2021,05,21,1353
2023,12,11,1354
2023,12,31,1354
2024,01,13,1354
2022,07,15,1354
2023,10,29,1355
2023,10,20,1358
2023,10,16,1358
2022,06,07,1359
2023,04,12,1359
2021,11,21,1361
2023,12,04,1361
2024,03,11,1361
2022,11,01,1361
2024,01,22,1361
2023,11,23,1362
2023,11,07,1363
2022,01,20,1363
2023,01,10,1363
2023,10,06,1365
2021,06,28,1367
2024,03,28,1367
2023,11,15,1368
2021,05,21,1369
2022,03,04,1370
2021,05,18,1370
2022,07,11,1372
2023,10,30,1372
2021,06,07,1372
2023,07,05,1373
2023,11,23,1376
2021,07,02,1377
2024,03,26,1378
2023,11,02,1378
2024,01,26,1379
2024,01,27,1380
2021,05,24,1383
2024,03,07,1385
2023,10,17,1385
2024,03,27,1387
2024,01,27,1388
2023,11,01,1388
2024,04,13,1388
2024,01,17,1389
2023,10,28,1389
2023,11,13,1391
2023,11,17,1393
2022,12,07,1399
2024,02,19,1399
2023,08,02,1400
2023,11,09,1401
2024,01,30,1404
2024,02,11,1404
2023,11,10,1408
2021,05,20,1408
2023,12,14,1408
2021,06,11,1410
2024,03,06,1411
2024,04,17,1412
2021,05,28,1413
2023,11,06,1414
2021,05,21,1414
2023,11,05,1414
2024,04,17,1415
2024,01,02,1416
2021,09,24,1418
2023,12,12,1419
2024,04,02,1422
2023,11,01,1422
2023,12,12,1423
2023,10,25,1423
2022,05,23,1424
2023,11,29,1424
2023,10,11,1425
2023,01,30,1425
2024,02,21,1425
2024,03,05,1426
2021,05,30,1427
2021,05,21,1430
2021,05,11,1431
2023,11,11,1433
2024,04,17,1435
2022,05,12,1435
2024,03,18,1437
2024,01,11,1437
2024,03,01,1438
2023,10,23,1438
2024,04,16,1438
2024,03,11,1439
2023,11,18,1441
2023,12,19,1443
2024,02,09,1443
2024,01,12,1444
2023,10,28,1447
2021,06,03,1448
2023,12,13,1448
2021,05,20,1448
2023,04,11,1448
2023,11,28,1451
2024,03,02,1453
2023,11,22,1454
2023,11,12,1455
2024,02,14,1456
2022,07,28,1457
2023,10,20,1459
2023,12,06,1459
2024,02,01,1461
2024,03,09,1463
2024,01,12,1464
2021,05,25,1465
2024,03,29,1468
2022,09,13,1470
2021,11,02,1471
2023,11,30,1472
2024,04,11,1473
2023,11,26,1478
2021,05,18,1479
2022,07,15,1479
2023,12,09,1481
2023,05,15,1488
2024,03,03,1490
2021,05,28,1490
2023,10,18,1490
2022,03,10,1491
2023,11,01,1491
2023,12,15,1495
2023,11,15,1496
2024,01,29,1497
2023,11,24,1498
2021,10,17,1500
2023,10,31,1500
2021,05,15,1503
2023,11,06,1504
2024,01,26,1504
2024,04,16,1510
2023,06,20,1516
2023,11,27,1518
2023,11,23,1521
2021,05,16,1524
2022,10,19,1529
2023,11,09,1530
2023,10,29,1531
2021,05,15,1531
2023,10,18,1532
2024,01,19,1533
2024,02,09,1533
2023,12,06,1535
2023,11,21,1536
2023,12,05,1537
2023,12,12,1538
2024,03,13,1540
2024,01,27,1546
2022,12,19,1547
2023,09,13,1549
2021,06,01,1551
2023,11,07,1551
2021,05,11,1552
2022,12,24,1556
2024,02,07,1557
2024,01,17,1560
2023,10,18,1560
2023,11,29,1562
2023,12,02,1569
2023,05,29,1570
2024,03,12,1573
2024,03,20,1575
2023,11,07,1578
2021,05,28,1585
2024,02,03,1586
2023,11,08,1586
2024,02,28,1590
2024,03,17,1592
2024,04,14,1602
2021,12,31,1602
2024,04,09,1605
2023,12,10,1607
2024,02,28,1608
2023,12,19,1609
2023,12,13,1609
2024,01,20,1617
2022,07,18,1617
2024,04,11,1624
2023,05,17,1629
2023,10,30,1630
2023,10,14,1632
2022,05,11,1633
2022,05,15,1635
2021,05,25,1638
2024,03,23,1639
2024,04,01,1644
2024,03,08,1644
2023,07,03,1649
2024,02,12,1650
2023,07,28,1650
2023,06,01,1655
2021,05,19,1656
2024,01,25,1658
2023,02,03,1660
2024,02,26,1668
2024,03,13,1672
2023,04,11,1675
2024,03,25,1680
2022,07,12,1680
2023,10,17,1684
2024,02,24,1690
2023,11,21,1693
2023,11,09,1694
2023,10,22,1696
2023,06,27,1701
2021,05,16,1702
2023,10,18,1704
2023,11,03,1708
2023,11,21,1710
2024,01,27,1715
2023,10,20,1716
2023,11,06,1718
2021,06,04,1721
2023,11,04,1729
2023,10,16,1730
2023,05,11,1731
2023,11,20,1732
2023,11,10,1735
2024,03,07,1758
2023,07,20,1763
2021,05,16,1767
2023,11,28,1772
2023,06,22,1784
2023,11,17,1808
2024,01,12,1812
2023,05,24,1851
2024,01,24,1852
2023,11,10,1854
2022,05,13,1855
2024,03,12,1857
2023,10,28,1872
2023,10,24,1888
2023,11,17,1894
2024,01,03,1895
2023,11,03,1899
2022,08,06,1901
2024,04,08,1909
2023,12,15,1912
2021,05,13,1919
2023,12,31,1923
2021,10,04,1924
2021,12,03,1928
2024,01,25,1944
2024,02,24,1959
2024,03,01,1962
2024,03,09,1962
2023,11,05,1972
2023,04,09,1980
2023,12,21,1985
2023,06,04,2014
2023,11,17,2020
2024,02,22,2035
2023,11,24,2040
2023,11,23,2083
2022,06,07,2108
2023,12,15,2134
2021,06,04,2138
2024,01,27,2161
2024,01,13,2168
2023,12,16,2243
2023,05,22,2250
2023,12,12,2259
2022,12,30,2265
2024,01,26,2267
2023,10,07,2274
2021,05,30,2285
2023,11,11,2286
2023,12,18,2356
2024,01,10,2403
2024,01,28,2405
2024,02,25,2459
2023,11,21,2470
2024,04,13,2473
2024,03,28,2526
2024,01,15,2547
2021,06,15,2587
2024,03,10,2636
2024,03,08,2654
2022,04,20,2682
2024,03,30,2683
2023,04,19,2777
2024,03,13,2780
2023,04,09,3477
2024,01,14,3482
2022,09,02,3767
2022,09,05,4212
2021,05,17,4340
2021,05,19,4727
2021,05,20,4932
2021,05,16,5897
2022,05,11,6029
2021,05,15,6150
2021,05,21,6339
2021,05,18,6830
